Fromula_ID,HEMA (%),PEGDA (%),Polymer content,LAP (%),Water (%),HEMA /PEGDA ,Polymer content/Water,Polymer content/LAP,Left Angle (deg),Right Angle (deg),Average Angle (deg),Fit RMSE (px),Left Angle Fiji (deg),Right Angle Fiji (deg),Average Angle Fiji (deg),Mean Angle Fiji (deg)
Formula_19,44.99,18.23,63.22,0.254,36.526,2.47,1.73,248.9,31.85,34.83,33.34,0.624,36.45,34.66,35.56,35.31
Formula_19,44.99,18.23,63.22,0.254,36.526,2.47,1.73,248.9,31.35,32.22,31.79,0.542,36.34,35.09,35.71,
Formula_19,44.99,18.23,63.22,0.254,36.526,2.47,1.73,248.9,31.97,33.3,32.63,0.621,34.44,34.88,34.66,
Formula_5,44.26,20.66,64.92,0.198,34.882,2.14,1.86,327.88,37.93,40.13,39.03,0.549,,,,
Formula_5,44.26,20.66,64.92,0.198,34.882,2.14,1.86,327.88,37.52,39.1,38.31,3.636,,,,
Formula_5,44.26,20.66,64.92,0.198,34.882,2.14,1.86,327.88,33.45,37.51,35.48,2.279,,,,
Formula_27,40.92,20.85,61.77,0.055,38.175,1.96,1.62,1123.09,29.32,31.32,30.32,0.565,25.8,30.84,28.32,27.61
Formula_27,40.92,20.85,61.77,0.055,38.175,1.96,1.62,1123.09,26.67,24.68,25.68,0.783,26.6,27.2,26.9,
Formula_27,40.92,20.85,61.77,0.055,38.175,1.96,1.62,1123.09,26.36,29.63,27.99,0.72,28.3,26.9,27.6,
Formula_12,45.86,21.29,67.15,0.132,32.718,2.15,2.05,508.71,38.06,36.47,37.26,0.61,,,,
Formula_12,45.86,21.29,67.15,0.132,32.718,2.15,2.05,508.71,35.67,35.79,35.73,0.513,,,,
Formula_12,45.86,21.29,67.15,0.132,32.718,2.15,2.05,508.71,42.07,41.03,41.55,2.736,,,,
Formula_29,40.37,20.23,60.6,0.265,39.135,2,1.55,228.68,29.5,29.5,29.5,0.49,30.94,30.39,30.66,28.74
Formula_29,40.37,20.23,60.6,0.265,39.135,2,1.55,228.68,28.76,27.85,28.31,0.73,30.74,28.75,29.74,
Formula_29,40.37,20.23,60.6,0.265,39.135,2,1.55,228.68,26.05,26.88,26.46,1.125,26,25.6,25.81,
Formula_6,42.54,19.4,61.94,0.119,37.941,2.19,1.63,520.5,28.89,30.56,29.73,0.642,,,,
Formula_6,42.54,19.4,61.94,0.119,37.941,2.19,1.63,520.5,26.09,29.24,27.66,0.588,,,,
Formula_6,42.54,19.4,61.94,0.119,37.941,2.19,1.63,520.5,28.27,31.61,29.94,0.452,,,,
Formula_17,43.12,22.66,65.78,0.216,34.004,1.9,1.93,304.54,28.96,31.24,30.1,1.467,,,,
Formula_17,43.12,22.66,65.78,0.216,34.004,1.9,1.93,304.54,38.73,33.08,35.91,1.974,,,,
Formula_17,43.12,22.66,65.78,0.216,34.004,1.9,1.93,304.54,30.07,35.67,32.87,0.452,,,,
Formula_8,43.99,18.01,62,0.136,37.864,2.44,1.64,455.88,30.78,35.31,33.05,1.771,33.95,32.19,33.11,31.89
Formula_8,43.99,18.01,62,0.136,37.864,2.44,1.64,455.88,28.97,32.32,30.65,0.716,29.72,32.95,31.33,
Formula_8,43.99,18.01,62,0.136,37.864,2.44,1.64,455.88,29.35,30.65,30,0.609,31.39,31.1,31.23,
Formula_26,51.52,20.57,72.09,0.069,27.841,2.5,2.59,1044.78,27.17,20.8,23.98,1.11,,,,
Formula_26,51.52,20.57,72.09,0.069,27.841,2.5,2.59,1044.78,27.53,25.3,26.41,1.752,,,,
Formula_26,51.52,20.57,72.09,0.069,27.841,2.5,2.59,1044.78,31.42,29.52,30.47,0.82,,,,
Formula_14,47.25,23.17,70.42,0.08,29.5,2.04,2.39,880.25,29.62,32.77,31.2,2.195,,,,
Formula_14,47.25,23.17,70.42,0.08,29.5,2.04,2.39,880.25,26.6,34.5,30.5,0.98,,,,
Formula_14,47.25,23.17,70.42,0.08,29.5,2.04,2.39,880.25,30.82,32.09,31.45,2.35,,,,
Formula_25,41.18,23.39,64.57,0.162,35.268,1.76,1.83,398.58,36.19,33.71,34.95,0.745,,,,
Formula_25,41.18,23.39,64.57,0.162,35.268,1.76,1.83,398.58,36.14,37.75,36.94,0.518,,,,
Formula_25,41.18,23.39,64.57,0.162,35.268,1.76,1.83,398.58,31.6,33.32,32.46,0.717,,,,
Formula_18,48.62,23.48,72.1,0.167,27.733,2.07,2.6,431.74,32.32,36.55,34.43,0.575,,,,
Formula_18,48.62,23.48,72.1,0.167,27.733,2.07,2.6,431.74,34.32,32.44,33.38,0.543,,,,
Formula_18,48.62,23.48,72.1,0.167,27.733,2.07,2.6,431.74,31.94,33.66,32.8,0.561,,,,
Formula_1,51.71,23.92,75.63,0.094,24.276,2.16,3.12,804.57,46.26,46.19,46.22,0.969,45.23,47.77,46.5,46.12
Formula_1,51.71,23.92,75.63,0.094,24.276,2.16,3.12,804.57,42.05,46.17,44.11,0.819,44.77,46.57,45.67,
Formula_1,51.71,23.92,75.63,0.094,24.276,2.16,3.12,804.57,45.5,44.16,44.83,0.611,46.7,45.68,46.19,
Formula_22,50.21,22.76,72.97,0.352,26.678,2.21,2.74,207.3,31.89,31.16,31.53,0.358,,,,
Formula_22,50.21,22.76,72.97,0.352,26.678,2.21,2.74,207.3,28.68,29.14,28.91,0.495,,,,
Formula_22,50.21,22.76,72.97,0.352,26.678,2.21,2.74,207.3,34.18,31.07,32.62,0.749,,,,
Formula_31,46.69,18.43,65.12,0.339,34.541,2.53,1.89,192.09,29.91,26.57,28.24,1.493,27.02,30.59,28.8,28.68
Formula_31,46.69,18.43,65.12,0.339,34.541,2.53,1.89,192.09,26.57,26.35,26.46,0.319,29.94,27.86,28.9,
Formula_31,46.69,18.43,65.12,0.339,34.541,2.53,1.89,192.09,27.47,27.67,27.57,0.555,27.03,29.67,28.35,
Formula_32,46.23,19.82,66.05,0.393,33.557,2.33,1.97,168.07,34.4,29.51,31.95,2.146,,,,
Formula_32,46.23,19.82,66.05,0.393,33.557,2.33,1.97,168.07,31.64,30.55,31.09,0.36,,,,
Formula_32,46.23,19.82,66.05,0.393,33.557,2.33,1.97,168.07,32.37,34.92,33.64,0.521,,,,
Formula_13,45.58,23.72,69.3,0.426,30.274,1.92,2.29,162.68,32.16,40.64,36.4,1.219,,,,
Formula_13,45.58,23.72,69.3,0.426,30.274,1.92,2.29,162.68,36.6,39.54,38.07,0.526,,,,
Formula_13,45.58,23.72,69.3,0.426,30.274,1.92,2.29,162.68,34.35,30.86,32.6,0.627,,,,
Formula_23,42.04,21.13,63.17,0.471,36.359,1.99,1.74,134.12,32.8,32.84,32.82,0.54,,,,
Formula_23,42.04,21.13,63.17,0.471,36.359,1.99,1.74,134.12,36.42,31.19,33.81,1.539,,,,
Formula_23,42.04,21.13,63.17,0.471,36.359,1.99,1.74,134.12,26.9,34.4,30.65,0.58,,,,
Formula_11,40.47,18.94,59.41,0.186,40.404,2.14,1.47,319.41,28.38,33.85,31.11,0.58,31.87,32.81,32.34,30.61
Formula_11,40.47,18.94,59.41,0.186,40.404,2.14,1.47,319.41,29.79,22.45,26.12,2.858,28.67,29.27,28.97,
Formula_11,40.47,18.94,59.41,0.186,40.404,2.14,1.47,319.41,30.23,29.1,29.67,0.36,27.45,33.6,30.53,
Formula_16,47.95,21.86,69.81,0.327,29.863,2.19,2.34,213.49,38.24,32.83,35.54,0.407,,,,
Formula_16,47.95,21.86,69.81,0.327,29.863,2.19,2.34,213.49,29.98,34.98,32.48,2.046,,,,
Formula_16,47.95,21.86,69.81,0.327,29.863,2.19,2.34,213.49,37.29,37.45,37.37,0.428,,,,
Formula_10,47.11,19.28,66.39,0.406,33.204,2.44,2,163.52,19.07,40.99,30.03,0.549,,,,
Formula_10,47.11,19.28,66.39,0.406,33.204,2.44,2,163.52,29.95,32.85,31.4,1.044,,,,
Formula_10,47.11,19.28,66.39,0.406,33.204,2.44,2,163.52,30.08,27.97,29.02,0.383,,,,
Formula_28,44.72,19.91,64.63,0.441,34.929,2.25,1.85,146.55,38,36.26,37.13,0.759,,,,
Formula_28,44.72,19.91,64.63,0.441,34.929,2.25,1.85,146.55,39.45,37.91,38.68,0.555,,,,
Formula_28,44.72,19.91,64.63,0.441,34.929,2.25,1.85,146.55,31.26,30.66,30.96,0.514,,,,
Formula_20,48.79,19.66,68.45,0.498,31.052,2.48,2.2,137.45,40.29,35.75,38.02,0.669,37.8,39.19,38.5,37.98
Formula_20,48.79,19.66,68.45,0.498,31.052,2.48,2.2,137.45,36.67,39.61,38.14,0.475,38.2,40.09,39.15,
Formula_20,48.79,19.66,68.45,0.498,31.052,2.48,2.2,137.45,38.44,32.59,35.52,2.186,33.6,38.97,36.28,
Formula_4,47.71,22.06,69.77,0.29,29.94,2.16,2.33,240.59,31.13,33.62,32.37,1.926,,,,
Formula_4,47.71,22.06,69.77,0.29,29.94,2.16,2.33,240.59,31.5,29.35,30.42,0.482,,,,
Formula_4,47.71,22.06,69.77,0.29,29.94,2.16,2.33,240.59,36.28,34.89,35.58,0.976,,,,
Formula_9,50.96,22.46,73.42,0.226,26.354,2.27,2.79,324.87,29.38,32.81,31.1,0.498,,,,
Formula_9,50.96,22.46,73.42,0.226,26.354,2.27,2.79,324.87,36.32,36.43,36.37,0.492,,,,
Formula_9,50.96,22.46,73.42,0.226,26.354,2.27,2.79,324.87,32.42,34.77,33.59,0.338,,,,
Formula_7,42.69,21.63,64.32,0.307,35.373,1.97,1.82,209.51,23.56,26.76,25.16,1.087,,,,
Formula_7,42.69,21.63,64.32,0.307,35.373,1.97,1.82,209.51,27.19,34.66,30.92,0.577,,,,
Formula_7,42.69,21.63,64.32,0.307,35.373,1.97,1.82,209.51,28.2,28.52,28.36,0.436,,,,
Formula_24,50.71,21.52,72.23,0.283,27.487,2.36,2.63,255.23,30.3,32.46,31.38,0.632,,,,
Formula_24,50.71,21.52,72.23,0.283,27.487,2.36,2.63,255.23,35.57,34.47,35.02,0.674,,,,
Formula_24,50.71,21.52,72.23,0.283,27.487,2.36,2.63,255.23,28.63,28.64,28.63,0.431,,,,
Formula_30,41.7,20.41,62.11,0.479,37.411,2.04,1.66,129.67,26.5,28.52,27.51,0.456,25.19,27.56,26.37,25.34
Formula_30,41.7,20.41,62.11,0.479,37.411,2.04,1.66,129.67,22.6,19.98,21.29,0.464,24.43,22.72,23.58,
Formula_30,41.7,20.41,62.11,0.479,37.411,2.04,1.66,129.67,25.25,24.11,24.68,0.489,25.44,26.7,26.07,
Formula_2,43.49,18.73,62.22,0.36,37.42,2.32,1.66,172.83,27.8,28.06,27.93,0.582,,,,
Formula_2,43.49,18.73,62.22,0.36,37.42,2.32,1.66,172.83,29.65,29.94,29.8,0.756,,,,
Formula_2,43.49,18.73,62.22,0.36,37.42,2.32,1.66,172.83,32.84,30.91,31.87,0.496,,,,
Formula_3,49.46,22.17,71.63,0.386,27.984,2.23,2.56,185.57,33.62,30.37,32,0.537,,,,
Formula_3,49.46,22.17,71.63,0.386,27.984,2.23,2.56,185.57,32.27,36.98,34.63,1.075,,,,
Formula_3,49.46,22.17,71.63,0.386,27.984,2.23,2.56,185.57,35.84,31.82,33.83,0.462,,,,
Formula_21,48.11,22.97,71.08,0.45,26.71,2.09,2.66,157.96,30.41,30.43,30.42,0.479,,,,
Formula_21,48.11,22.97,71.08,0.45,26.71,2.09,2.66,157.96,33.43,29.59,31.51,0.559,,,,
Formula_21,48.11,22.97,71.08,0.45,26.71,2.09,2.66,157.96,32.01,33.05,32.53,2.47,,,,
Formula_15,49.11,18.88,67.99,0.235,31.775,2.6,2.14,289.32,31.42,30.68,31.05,0.622,29.95,31.6,30.77,30.07
Formula_15,49.11,18.88,67.99,0.235,31.775,2.6,2.14,289.32,31.5,27.44,29.47,0.459,32.76,27.77,30.27,
Formula_15,49.11,18.88,67.99,0.235,31.775,2.6,2.14,289.32,25.76,30.64,28.2,0.58,28.57,27.7,29.17,
