well,Formula_ID,Replicate,HEMA (%),PEGDA (%),HEMA/PEGDA,Polymer content,Polymer/LAP,LAP (%),Water (%),E_Pa,std_dev_Pa,Relative Error % 
A1,Formula_17,Rep_3,43.12,22.66,1.9,65.78,304.54,0.216,34.004,3823.504,47115,1.23
A2,Formula_14,Rep_3,47.25,23.17,2.04,70.42,880.25,0.08,29.5,4434.781,35396,0.8
A3,Formula_10,Rep_3,47.11,19.28,2.44,66.39,163.52,0.406,33.2,3381.834,41849,1.24
A4,Formula_31,Rep_3,46.69,18.43,2.53,65.12,192.09,0.339,34.54,3852.176,76367,1.98
A5,Formula_2,Rep_2,43.49,18.73,2.32,62.22,172.83,0.36,37.42,3671.157,19656,0.54
A6,Formula_16,Rep_3,47.95,21.86,2.19,69.81,213.49,0.327,29.86,4386.428,26374,0.6
A7,Formula_6,Rep_3,42.54,19.4,2.19,61.94,520.5,0.119,37.94,3090.716,86633,2.8
A8,Formula_11,Rep_2,40.47,18.94,2.14,59.41,319.41,0.186,40.404,5046.01,81425,1.61
A9,Formula_1,Rep_1,51.71,23.92,2.16,75.63,804.57,0.094,24.276,5126.032,39330,0.77
A10,Formula_22,Rep_2,50.21,22.76,2.21,72.97,207.3,0.352,26.678,6063.933,41849,0.69
A11,Formula_28,Rep_3,44.72,19.91,2.25,64.63,146.55,0.441,34.929,4325.413,92071,2.13
A12,Formula_31,Rep_1,46.69,18.43,2.53,65.12,192.09,0.339,34.541,4016.092,43722,1.09
B1,Formula_19,Rep_1,44.99,18.23,2.47,63.22,248.9,0.254,36.526,3591.622,48429,1.35
B2,Formula_5,Rep_1,44.26,20.66,2.14,64.92,327.88,0.198,34.882,4474.179,47341,1.06
B3,Formula_32,Rep_1,46.23,19.82,2.33,66.05,168.07,0.393,33.557,4679.706,32959,0.7
B4,Formula_27,Rep_1,40.92,20.85,1.96,61.77,1123.09,0.055,38.175,2544.818,42466,1.67
B5,Formula_13,Rep_1,45.58,23.72,1.92,69.3,162.68,0.426,30.274,3140.88,13182,0.42
B6,Formula_23,Rep_1,42.04,21.13,1.99,63.17,134.12,0.471,36.359,3717.844,19786,0.53
B7,Formula_11,Rep_1,40.47,18.94,2.14,59.41,319.41,0.186,40.404,4891.142,81873,1.67
B8,Formula_22,Rep_3,50.21,22.76,2.21,72.97,207.3,0.352,26.678,7280.88,104794,1.44
B9,Formula_9,Rep_2,50.96,22.46,2.27,73.42,324.87,0.226,26.354,7630.655,64679,0.85
B10,Formula_4,Rep_3,47.71,22.06,2.16,69.77,240.59,0.29,29.94,7695.954,36158,0.47
B11,Formula_16,Rep_1,47.95,21.86,2.19,69.81,213.49,0.327,29.863,5935.833,87098,1.47
B12,Formula_5,Rep_3,44.26,20.66,2.14,64.92,327.88,0.198,34.882,3670.691,10494,0.29
C1,Formula_25,Rep_3,41.18,23.39,1.76,64.57,398.58,0.162,35.268,4666.862,60429,1.29
C2,Formula_10,Rep_1,47.11,19.28,2.44,66.39,163.52,0.406,33.204,3578.697,84137,2.35
C3,Formula_8,Rep_2,43.99,18.01,2.44,62,455.88,0.136,37.864,3567.041,65185,1.83
C4,Formula_12,Rep_1,45.86,21.29,2.15,67.15,508.71,0.132,32.718,5351.848,62948,1.18
C5,Formula_14,Rep_2,47.25,23.17,2.04,70.42,880.25,0.08,29.5,3800.63,42584,1.12
C6,Formula_24,Rep_2,50.71,21.52,2.36,72.23,255.23,0.283,27.487,5759.028,26826,0.47
C7,Formula_29,Rep_1,40.37,20.23,2,60.6,228.68,0.265,39.135,2672.607,17821,0.67
C8,Formula_9,Rep_3,50.96,22.46,2.27,73.42,324.87,0.226,26.354,8329.005,31532,0.38
C9,Formula_7,Rep_3,42.69,21.63,1.97,64.32,209.51,0.307,35.373,6257.713,91492,1.46
C10,Formula_6,Rep_1,42.54,19.4,2.19,61.94,520.5,0.119,37.941,3963.168,24868,0.63
C11,Formula_13,Rep_2,45.58,23.72,1.92,69.3,162.68,0.426,30.274,3755.618,26003,0.69
C12,Formula_18,Rep_2,48.62,23.48,2.07,72.1,431.74,0.167,27.733,5292.692,37105,0.7
D1,Formula_4,Rep_2,47.71,22.06,2.16,69.77,240.59,0.29,29.94,6997.81,60244,0.86
D2,Formula_17,Rep_1,43.12,22.66,1.9,65.78,304.54,0.216,34.004,3589.91,72402,2.02
D3,Formula_16,Rep_2,47.95,21.86,2.19,69.81,213.49,0.327,29.863,5735.615,83802,1.46
D4,Formula_3,Rep_2,49.46,22.17,2.23,71.63,185.57,0.386,27.984,4700.929,53879,1.15
D5,Formula_8,Rep_1,43.99,18.01,2.44,62,455.88,0.136,37.864,3289.639,48910,1.49
D6,Formula_1,Rep_3,51.71,23.92,2.16,75.63,804.57,0.094,24.276,5207.182,61901,1.19
D7,Formula_28,Rep_1,44.72,19.91,2.25,64.63,146.55,0.441,34.929,3778.007,54153,1.43
D8,Formula_20,Rep_1,48.79,19.66,2.48,68.45,137.45,0.498,31.052,3333.262,56217,1.69
D9,Formula_15,Rep_3,49.11,18.88,2.6,67.99,289.32,0.235,31.775,4356.383,95429,2.19
D10,Formula_26,Rep_1,51.52,20.57,2.5,72.09,1044.78,0.069,27.841,4059.989,36136,0.89
D11,Formula_30,Rep_2,41.7,20.41,2.04,62.11,129.67,0.479,37.411,2471,21678,0.88
D12,Formula_14,Rep_1,47.25,23.17,2.04,70.42,880.25,0.08,29.5,4352.771,21592,0.5
E1,Formula_25,Rep_1,41.18,23.39,1.76,64.57,398.58,0.162,35.268,4516.048,53389,1.18
E2,Formula_4,Rep_1,47.71,22.06,2.16,69.77,240.59,0.29,29.94,6734.779,88921,1.32
E3,Formula_18,Rep_1,48.62,23.48,2.07,72.1,431.74,0.167,27.733,5523.843,141679,2.56
E4,Formula_7,Rep_2,42.69,21.63,1.97,64.32,209.51,0.307,35.373,6285.521,123121,1.96
E5,Formula_9,Rep_1,50.96,22.46,2.27,73.42,324.87,0.226,26.354,7302.05,79959,1.1
E6,Formula_12,Rep_3,45.86,21.29,2.15,67.15,508.71,0.132,32.718,5592.046,57754,1.03
E7,Formula_7,Rep_1,42.69,21.63,1.97,64.32,209.51,0.307,35.373,5392.148,46049,0.85
E8,Formula_31,Rep_2,46.69,18.43,2.53,65.12,192.09,0.339,34.541,4123.898,34946,0.85
E9,Formula_5,Rep_2,44.26,20.66,2.14,64.92,327.88,0.198,34.882,3987.121,47630,1.19
E10,Formula_21,Rep_3,48.11,22.97,2.09,71.08,157.96,0.45,26.71,4588.172,27515,0.6
E11,Formula_25,Rep_2,41.18,23.39,1.76,64.57,398.58,0.162,35.268,4777.767,54191,1.13
E12,Formula_32,Rep_3,46.23,19.82,2.33,66.05,168.07,0.393,33.557,4958.898,87452,1.76
F1,Formula_23,Rep_2,42.04,21.13,1.99,63.17,134.12,0.471,36.359,3231.551,31178,0.96
F2,Formula_12,Rep_2,45.86,21.29,2.15,67.15,508.71,0.132,32.718,6058.594,76007,1.25
F3,Formula_19,Rep_2,44.99,18.23,2.47,63.22,248.9,0.254,36.526,4041.388,83147,2.06
F4,Formula_2,Rep_3,43.49,18.73,2.32,62.22,172.83,0.36,37.42,2644.3,13605,0.51
F5,Formula_24,Rep_1,50.71,21.52,2.36,72.23,255.23,0.283,27.487,5581.423,93199,1.67
F6,Formula_3,Rep_3,49.46,22.17,2.23,71.63,185.57,0.386,27.984,5935.781,81588,1.37
F7,Formula_26,Rep_3,51.52,20.57,2.5,72.09,1044.78,0.069,27.841,3462.007,33253,0.96
F8,Formula_30,Rep_3,41.7,20.41,2.04,62.11,129.67,0.479,37.411,2368.06,20862,0.88
F9,Formula_13,Rep_3,45.58,23.72,1.92,69.3,162.68,0.426,30.274,3965.619,40655,1.03
F10,Formula_10,Rep_2,47.11,19.28,2.44,66.39,163.52,0.406,33.204,3558.552,52288,1.47
F11,Formula_27,Rep_2,40.92,20.85,1.96,61.77,1123.09,0.055,38.175,2146.702,35768,1.67
F12,Formula_17,Rep_2,43.12,22.66,1.9,65.78,304.54,0.216,34.004,3562.956,38659,1.09
G1,Formula_20,Rep_3,48.79,19.66,2.48,68.45,137.45,0.498,31.052,2311.479,12314,0.53
G2,Formula_29,Rep_3,40.37,20.23,2,60.6,228.68,0.265,39.135,3951.668,57284,1.45
G3,Formula_1,Rep_2,51.71,23.92,2.16,75.63,804.57,0.094,24.276,5906.313,25878,0.44
G4,Formula_27,Rep_3,40.92,20.85,1.96,61.77,1123.09,0.055,38.175,2769.02,20084,0.73
G5,Formula_28,Rep_2,44.72,19.91,2.25,64.63,146.55,0.441,34.929,5389.252,19681,0.37
G6,Formula_32,Rep_2,46.23,19.82,2.33,66.05,168.07,0.393,33.557,4052.986,38795,0.96
G7,Formula_18,Rep_3,48.62,23.48,2.07,72.1,431.74,0.167,27.733,5985.26,75548,1.26
G8,Formula_6,Rep_2,42.54,19.4,2.19,61.94,520.5,0.119,37.941,3043.215,22036,0.72
G9,Formula_30,Rep_1,41.7,20.41,2.04,62.11,129.67,0.479,37.411,2162.365,8444,0.39
G10,Formula_2,Rep_1,43.49,18.73,2.32,62.22,172.83,0.36,37.42,2823.244,35967,1.27
G11,Formula_21,Rep_2,48.11,22.97,2.09,71.08,157.96,0.45,26.71,3675.059,60667,1.65
G12,Formula_22,Rep_1,50.21,22.76,2.21,72.97,207.3,0.352,26.678,8159.194,16518,0.2
H1,Formula_3,Rep_1,49.46,22.17,2.23,71.63,185.57,0.386,27.984,5000.043,49791,1
H2,Formula_24,Rep_3,50.71,21.52,2.36,72.23,255.23,0.283,27.487,5892.341,66927,1.14
H3,Formula_15,Rep_2,49.11,18.88,2.6,67.99,289.32,0.235,31.775,4783.403,58257,1.22
H4,Formula_11,Rep_3,40.47,18.94,2.14,59.41,319.41,0.186,40.404,4440.524,47860,1.08
H5,Formula_23,Rep_3,42.04,21.13,1.99,63.17,134.12,0.471,36.359,2547.516,21369,0.84
H6,Formula_19,Rep_3,44.99,18.23,2.47,63.22,248.9,0.254,36.526,3539.194,44091,1.25
H7,Formula_21,Rep_1,48.11,22.97,2.09,71.08,157.96,0.45,26.71,3854.834,23279,0.6
H8,Formula_29,Rep_2,40.37,20.23,2,60.6,228.68,0.265,39.135,2536.399,31626,1.25
H9,Formula_8,Rep_3,43.99,18.01,2.44,62,455.88,0.136,37.864,2523.261,20512,0.81
H10,Formula_15,Rep_1,49.11,18.88,2.6,67.99,289.32,0.235,31.775,3951.421,33314,0.84
H11,Formula_26,Rep_2,51.52,20.57,2.5,72.09,1044.78,0.069,27.841,3007.744,29977,1
H12,Formula_20,Rep_2,48.79,19.66,2.48,68.45,137.45,0.498,31.052,2085.908,20665,0.99
